file,school,title,start,source_url,reason
agsm-a.json,"AGSM, University of New South Wales",AI for Business Leaders,2026-10-28,https://www.unsw.edu.au/study/professional-development/course/ai-for-business-leaders,no price
agsm-a.json,"AGSM, University of New South Wales",AI for Business Leaders,2026-12-01,https://www.unsw.edu.au/study/professional-development/course/ai-for-business-leaders,no price
berkeley.json,UC Berkeley Haas School of Business,Marketing Analytics and AI,2026-09-23,https://executive.berkeley.edu/programs/marketing-analytics-and-ai,no teaching days
berkeley.json,UC Berkeley Haas School of Business,Business Analytics and AI: From Data to Decisions,2026-09-30,https://executive.berkeley.edu/programs/business-analytics-and-ai-data-decisions,no teaching days
berkeley.json,UC Berkeley Haas School of Business,Berkeley Executive Program in AI and Digital Strategy,2026-10-01,https://executive.berkeley.edu/programs/berkeley-executive-program-ai-and-digital-strategy,no teaching days
berkeley.json,UC Berkeley Haas School of Business,"Digital Transformation: Leading People, Data & Technology",2026-10-08,https://executive.berkeley.edu/programs/digital-transformation-leading-people-data-technology,no teaching days
berkeley.json,UC Berkeley Haas School of Business,AI Leadership Sprints,2026-10-14,https://executive.berkeley.edu/programs/ai-leadership-sprints,no teaching days
berkeley.json,UC Berkeley Haas School of Business,Chief Operating Officer Program,2026-10-16,https://executive.berkeley.edu/programs/chief-operating-officer-program,no teaching days
berkeley.json,UC Berkeley Haas School of Business,Chief Strategy Officer Program,2026-10-21,https://executive.berkeley.edu/programs/chief-strategy-officer-program,no teaching days
berkeley.json,UC Berkeley Haas School of Business,Technology and AI Leadership,2026-10-22,https://executive.berkeley.edu/programs/technology-and-ai-leadership,no teaching days
berkeley.json,UC Berkeley Haas School of Business,Chief Financial Officer Program,2026-10-29,https://executive.berkeley.edu/programs/chief-financial-officer-program,no teaching days
berkeley.json,UC Berkeley Haas School of Business,"Data Strategy: Value Creation, Governance, and Impact",2026-11-05,https://executive.berkeley.edu/programs/data-strategy-enabling-ai-driven-competitive-advantage,no teaching days
berkeley.json,UC Berkeley Haas School of Business,Professional Certificate in Machine Learning and Artificial Intelligence,2026-11-12,https://executive.berkeley.edu/programs/professional-certificate-machine-learning-and-artificial-intelligence,no teaching days
berkeley.json,UC Berkeley Haas School of Business,Artificial Intelligence: Business Strategies and Applications,2026-11-12,https://executive.berkeley.edu/programs/artificial-intelligence-business-strategies-and-applications,no teaching days
berkeley.json,UC Berkeley Haas School of Business,Chief Technology Officer Program,2027-03-10,https://executive.berkeley.edu/programs/chief-technology-officer-program,no teaching days
berkeley.json,UC Berkeley Haas School of Business,The Berkeley Transformative CHRO Leadership Program co-led by Laszlo Bock,2027-03-23,https://executive.berkeley.edu/programs/berkeley-transformative-chro-leadership-program-laszlo-bock,no teaching days
berkeley.json,UC Berkeley Haas School of Business,Chief Executive Officer Program,2027-06-30,https://executive.berkeley.edu/programs/chief-executive-officer-program,no teaching days
cbs-a.json,"CBS Executive, Copenhagen Business School",Bestyrelsesarbejde i Startups & Scaleups 2027,2027-03-08,https://cbs-executive.dk/en/program/bestyrelsesarbejde-i-startups-scaleups-2027,no teaching days
cbs-a.json,"CBS Executive, Copenhagen Business School",Research Management Course forår 2027,2027-03-10,https://cbs-executive.dk/en/program/research-management-course-forar-2027,no teaching days
cbs-a.json,"CBS Executive, Copenhagen Business School",Boardwork & Leadership for Life Science Startups 2027,2027-04-08,https://cbs-executive.dk/en/program/boardwork-leadership-for-life-science-startups-2027,no teaching days
cbs-a.json,"CBS Executive, Copenhagen Business School",Kundeorienteret Lederskab,2027-04-21,https://cbs-executive.dk/en/program/kundeorienteret-lederskab,no teaching days
cbs-a.json,"CBS Executive, Copenhagen Business School",Bestyrelsesarbejde i Erhvervsfonde 2027,2027-05-10,https://cbs-executive.dk/en/program/bestyrelsesarbejde-i-erhvervsfonde-2027,no teaching days
cbs-a.json,"CBS Executive, Copenhagen Business School",Blue Board Leadership 2027,2027-06-21,https://cbs-executive.dk/en/program/blue-board-leadership-2027,no teaching days
cbs-b.json,"CBS Executive, Copenhagen Business School",Leadership for the Future 2026,2026-11-16,https://cbs-executive.dk/en/program/leadership-for-the-future-2026,no teaching days
cbs-b.json,"CBS Executive, Copenhagen Business School",Service Excellence Leadership Academy 2027,2027-01-29,https://cbs-executive.dk/en/program/service-excellence-leadership-academy-2027,no teaching days
ccl.json,Center for Creative Leadership,Frontline Leader Impact,2026-10-12,https://www.ccl.org/leadership-programs/frontline-leadership-impact/,no teaching days
ccl.json,Center for Creative Leadership,Frontline Leader Impact,2027-01-25,https://www.ccl.org/leadership-programs/frontline-leadership-impact/,no teaching days
ccl.json,Center for Creative Leadership,Frontline Leader Impact,2027-04-05,https://www.ccl.org/leadership-programs/frontline-leadership-impact/,no teaching days
ccl.json,Center for Creative Leadership,Frontline Leader Impact,2027-06-07,https://www.ccl.org/leadership-programs/frontline-leadership-impact/,no teaching days
ccl.json,Center for Creative Leadership,Frontline Leader Impact,2027-08-02,https://www.ccl.org/leadership-programs/frontline-leadership-impact/,no teaching days
hks-a.json,Harvard Kennedy School,"Leading People, Building Teams",2026-10-05,https://www.hks.harvard.edu/educational-programs/executive-education/leading-people-building-teams,no teaching days
hks-a.json,Harvard Kennedy School,Leading Economic Growth,2026-09-28,https://www.hks.harvard.edu/educational-programs/executive-education/leading-economic-growth,no teaching days
hks-a.json,Harvard Kennedy School,Collaborating for Public Value,2026-10-13,https://www.hks.harvard.edu/educational-programs/executive-education/collaborating-public-value,no teaching days
hks-a.json,Harvard Kennedy School,Nonprofit Financial Stewardship,2026-10-19,https://www.hks.harvard.edu/educational-programs/executive-education/nonprofit-financial-stewardship,no teaching days
hks-a.json,Harvard Kennedy School,Senior Executive Fellows,2026-10-19,https://www.hks.harvard.edu/educational-programs/executive-education/senior-executive-fellows,no teaching days
hks-a.json,Harvard Kennedy School,"Leadership, Organizing and Action: Leading Change",2027-02-01,https://www.hks.harvard.edu/educational-programs/executive-education/leadership-organizing-and-action,no teaching days
hks-b.json,Harvard Kennedy School,Generative AI: How to Use It and Why It Matters,2026-09-28,https://www.hks.harvard.edu/educational-programs/executive-education/generative-ai-how-use-it-and-why-it-matters,no teaching days
imd-detail.json,IMD Business School,Leadership Skills for Sustainable Change,2026-10-12,https://www.imd.org/sustainability/lsc/leading-sustainable-change/,no teaching days
imd-detail.json,IMD Business School,IMD Executive Coaching Certificate,2026-11-24,https://www.imd.org/leadership/iecc/executive-coaching-certificate/,no teaching days
imd-detail.json,IMD Business School,IMD Executive Coaching Certificate,2027-04-26,https://www.imd.org/leadership/iecc/executive-coaching-certificate/,no teaching days
kellogg-a.json,Kellogg School of Management,Chief Marketing Officer Program,2026-05-05,https://www.kellogg.northwestern.edu/executive-education/individual-programs/c-suite-programs/cmoprogram.aspx,start outside window; no price; currency unknown
kellogg-a.json,Kellogg School of Management,The Kellogg Leadership & Governance Conference,2027-05-18,https://www.kellogg.northwestern.edu/executive-education/individual-programs/c-suite-programs/cgconf.aspx,no price; currency unknown; no teaching days
kellogg-c.json,Kellogg School of Management,Senior Management Program in AI and Digital Transformation,2026-10-23,https://www.kellogg.northwestern.edu/executive-education/individual-programs/online-programs/cdo.aspx,no teaching days
kellogg-c.json,Kellogg School of Management,Chief Marketing Officer Program,2026-10-02,https://www.kellogg.northwestern.edu/executive-education/individual-programs/online-programs/cmo.aspx,no teaching days
kellogg-c.json,Kellogg School of Management,Professional Certificate in Digital Marketing,2026-10-07,https://www.kellogg.northwestern.edu/executive-education/individual-programs/online-programs/pcdigmark.aspx,no teaching days
kellogg-c.json,Kellogg School of Management,Professional Certificate in Digital Marketing,2026-11-12,https://www.kellogg.northwestern.edu/executive-education/individual-programs/online-programs/pcdigmark.aspx,no teaching days
kellogg-c.json,Kellogg School of Management,Professional Certificate in Product Management,2026-11-19,https://www.kellogg.northwestern.edu/executive-education/individual-programs/online-programs/pcpm.aspx,no teaching days
kellogg-c.json,Kellogg School of Management,Professional Certificate in Product Management,2027-02-11,https://www.kellogg.northwestern.edu/executive-education/individual-programs/online-programs/pcpm.aspx,no teaching days
michigan-a.json,Michigan Ross Executive Education,The Power of Persuasion: Strategies for Professional Impact,2027-03-01,https://michiganross.umich.edu/programs/executive-education/power-persuasion-strategies-professional-impact?event=14349,no teaching days
michigan-a.json,Michigan Ross Executive Education,Accounting and Financial Decision-Making,2027-03-15,https://michiganross.umich.edu/programs/executive-education/accounting-and-financial-decision-making?event=14172,no teaching days
michigan-a.json,Michigan Ross Executive Education,"Leading with Impact: Culture, Teams, and Organizational Performance",2027-01-25,https://michiganross.umich.edu/programs/executive-education/leading-impact-culture-teams-and-organizational-performance?event=14402,no teaching days
michigan-a.json,Michigan Ross Executive Education,"Leading with Impact: Culture, Teams, and Organizational Performance",2027-07-19,https://michiganross.umich.edu/programs/executive-education/leading-impact-culture-teams-and-organizational-performance?event=13983,no teaching days
michigan-a.json,Michigan Ross Executive Education,Practicing Positive Leadership,2026-09-28,https://michiganross.umich.edu/programs/executive-education/practicing-positive-leadership?event=12504,no teaching days
michigan-a.json,Michigan Ross Executive Education,Strategy and Competitive Advantage,2026-11-30,https://michiganross.umich.edu/programs/executive-education/strategy-and-competitive-advantage?event=13862,no teaching days
michigan-a.json,Michigan Ross Executive Education,Strategy and Competitive Advantage,2027-05-30,https://michiganross.umich.edu/programs/executive-education/strategy-and-competitive-advantage?event=13862,no teaching days
michigan-a.json,Michigan Ross Executive Education,Digital Transformation and Innovation,2027-08-23,https://michiganross.umich.edu/programs/executive-education/digital-transformation-and-innovation?event=14145,no teaching days
michigan-a.json,Michigan Ross Executive Education,Digital Transformation and Innovation,2027-03-01,https://michiganross.umich.edu/programs/executive-education/digital-transformation-and-innovation?event=14145,no teaching days
michigan-b.json,Michigan Ross Executive Education,Accounting and Financial Decision-Making,2027-03-15,https://michiganross.umich.edu/programs/executive-education/accounting-and-financial-decision-making?event=14143,no teaching days
michigan-b.json,Michigan Ross Executive Education,CXO Leadership Program,2026-12-12,https://michiganross.umich.edu/programs/executive-education/cxo-leadership-program?event=13816,no teaching days
michigan-b.json,Michigan Ross Executive Education,Creating and Delivering Value for Your Organization,2026-10-26,https://michiganross.umich.edu/programs/executive-education/creating-and-delivering-value-your-organization?event=13861,no teaching days
michigan-b.json,Michigan Ross Executive Education,Creating and Delivering Value for Your Organization,2027-04-26,https://michiganross.umich.edu/programs/executive-education/creating-and-delivering-value-your-organization?event=13864,no teaching days
michigan-b.json,Michigan Ross Executive Education,Digital Transformation and Innovation,2027-03-01,https://michiganross.umich.edu/programs/executive-education/digital-transformation-and-innovation?event=14144,no teaching days
michigan-b.json,Michigan Ross Executive Education,Digital Transformation and Innovation,2027-08-23,https://michiganross.umich.edu/programs/executive-education/digital-transformation-and-innovation?event=14144,no teaching days
michigan-b.json,Michigan Ross Executive Education,Chief Data and AI Officer Program,2026-11-17,https://michiganross.umich.edu/programs/executive-education/chief-data-and-ai-officer-program?event=14138,no teaching days
michigan-b.json,Michigan Ross Executive Education,Strategy and Competitive Advantage,2027-05-30,https://michiganross.umich.edu/programs/executive-education/strategy-and-competitive-advantage?event=13863,no teaching days
michigan-b.json,Michigan Ross Executive Education,Strategy and Competitive Advantage,2026-11-30,https://michiganross.umich.edu/programs/executive-education/strategy-and-competitive-advantage?event=13863,no teaching days
michigan-b.json,Michigan Ross Executive Education,Board Director Program,2026-11-12,https://michiganross.umich.edu/programs/executive-education/board-director-program?event=14165,no teaching days
michigan-b.json,Michigan Ross Executive Education,Board Director Program,2027-07-23,https://michiganross.umich.edu/programs/executive-education/board-director-program?event=14306,no teaching days
mit-a.json,MIT Sloan School of Management,Making AI Work: Machine Intelligence for Business and Society,2026-11-18,https://executive.mit.edu/course/making-ai-work--machine-intelligence-for-business-and-society/a054v00000jjjNNAAY.html,no teaching days
mit-a.json,MIT Sloan School of Management,Communicating Data Through Storytelling,2026-10-21,https://executive.mit.edu/course/communicating-data-through-storytelling/a054v00000jk27LAAQ.html,no teaching days
mit-a.json,MIT Sloan School of Management,Communicating Data Through Storytelling,2027-02-17,https://executive.mit.edu/course/communicating-data-through-storytelling/a054v00000jk27LAAQ.html,no teaching days
mit-a.json,MIT Sloan School of Management,Communicating Data Through Storytelling,2027-04-21,https://executive.mit.edu/course/communicating-data-through-storytelling/a054v00000jk27LAAQ.html,no teaching days
mit-a.json,MIT Sloan School of Management,Communicating Data Through Storytelling,2027-06-23,https://executive.mit.edu/course/communicating-data-through-storytelling/a054v00000jk27LAAQ.html,no teaching days
mit-a.json,MIT Sloan School of Management,Communicating Data Through Storytelling,2027-08-25,https://executive.mit.edu/course/communicating-data-through-storytelling/a054v00000jk27LAAQ.html,no teaching days
mit-a.json,MIT Sloan School of Management,Unsupervised Machine Learning: Unlocking the Potential of Data,2026-11-11,https://executive.mit.edu/course/unsupervised-machine-learning--unlocking-the-potential-of-data/a054v00000qmi8sAAA.html,no teaching days
mit-a.json,MIT Sloan School of Management,Unsupervised Machine Learning: Unlocking the Potential of Data,2027-03-17,https://executive.mit.edu/course/unsupervised-machine-learning--unlocking-the-potential-of-data/a054v00000qmi8sAAA.html,no teaching days
mit-a.json,MIT Sloan School of Management,Unsupervised Machine Learning: Unlocking the Potential of Data,2027-06-30,https://executive.mit.edu/course/unsupervised-machine-learning--unlocking-the-potential-of-data/a054v00000qmi8sAAA.html,no teaching days
mit-a.json,MIT Sloan School of Management,Artificial Intelligence in Pharma and Biotech,2026-10-21,https://executive.mit.edu/course/artificial-intelligence-in-pharma-and-biotech/a054v00000qmr6hAAA.html,no teaching days
mit-a.json,MIT Sloan School of Management,Artificial Intelligence in Pharma and Biotech,2027-01-13,https://executive.mit.edu/course/artificial-intelligence-in-pharma-and-biotech/a054v00000qmr6hAAA.html,no teaching days
mit-a.json,MIT Sloan School of Management,Artificial Intelligence in Pharma and Biotech,2027-03-10,https://executive.mit.edu/course/artificial-intelligence-in-pharma-and-biotech/a054v00000qmr6hAAA.html,no teaching days
mit-a.json,MIT Sloan School of Management,Artificial Intelligence in Pharma and Biotech,2027-05-05,https://executive.mit.edu/course/artificial-intelligence-in-pharma-and-biotech/a054v00000qmr6hAAA.html,no teaching days
mit-a.json,MIT Sloan School of Management,Artificial Intelligence in Pharma and Biotech,2027-06-30,https://executive.mit.edu/course/artificial-intelligence-in-pharma-and-biotech/a054v00000qmr6hAAA.html,no teaching days
mit-a.json,MIT Sloan School of Management,Artificial Intelligence in Pharma and Biotech,2027-08-25,https://executive.mit.edu/course/artificial-intelligence-in-pharma-and-biotech/a054v00000qmr6hAAA.html,no teaching days
mit-a.json,MIT Sloan School of Management,Blockchain and Crypto Applications: From Decentralized Finance to Web 3,2027-03-03,https://executive.mit.edu/course/blockchain-and-crypto-applications--from-decentralized-finance-to-web-3/a054v00000rHFLVAA4.html,no teaching days
mit-a.json,MIT Sloan School of Management,Unlocking Your Leadership Signature,2026-09-17,https://executive.mit.edu/course/unlocking-your-leadership-signature/a054v00000rHGIfAAO.html,no teaching days
mit-a.json,MIT Sloan School of Management,Unlocking Your Leadership Signature,2027-01-14,https://executive.mit.edu/course/unlocking-your-leadership-signature/a054v00000rHGIfAAO.html,no teaching days
mit-a.json,MIT Sloan School of Management,Unlocking Your Leadership Signature,2027-05-13,https://executive.mit.edu/course/unlocking-your-leadership-signature/a054v00000rHGIfAAO.html,no teaching days
mit-a.json,MIT Sloan School of Management,Leading Organizations for High Velocity Performance,2026-12-10,https://executive.mit.edu/course/leading-organizations-for-high-velocity-performance/a054v00000rHYr9AAG.html,no teaching days
mit-a.json,MIT Sloan School of Management,Leading Organizations for High Velocity Performance,2027-03-11,https://executive.mit.edu/course/leading-organizations-for-high-velocity-performance/a054v00000rHYr9AAG.html,no teaching days
mit-a.json,MIT Sloan School of Management,Leading Organizations for High Velocity Performance,2027-06-10,https://executive.mit.edu/course/leading-organizations-for-high-velocity-performance/a054v00000rHYr9AAG.html,no teaching days
mit-a.json,MIT Sloan School of Management,Global CEO Program,2026-10-26,https://executive.mit.edu/course/global-ceo-program/a054v00000rfyukAAA.html,no teaching days
mit-a.json,MIT Sloan School of Management,Cybersecurity for Managers: A Playbook,2026-09-17,https://executive.mit.edu/course/cybersecurity-for-managers/a056g00000URaaIAAT.html,no teaching days
mit-a.json,MIT Sloan School of Management,Cybersecurity for Managers: A Playbook,2026-12-03,https://executive.mit.edu/course/cybersecurity-for-managers/a056g00000URaaIAAT.html,no teaching days
mit-a.json,MIT Sloan School of Management,Cybersecurity for Managers: A Playbook,2027-04-01,https://executive.mit.edu/course/cybersecurity-for-managers/a056g00000URaaIAAT.html,no teaching days
mit-b.json,MIT Sloan School of Management,Advanced Management Program,2027-06-01,https://executive.mit.edu/course/advanced-management-program/a056g00000URaZGAA1.html,no teaching days
mit-b.json,MIT Sloan School of Management,Artificial Intelligence: Implications for Business Strategy,2026-10-07,https://executive.mit.edu/course/artificial-intelligence/a056g00000URaa3AAD.html,no teaching days
mit-b.json,MIT Sloan School of Management,Artificial Intelligence: Implications for Business Strategy,2026-11-18,https://executive.mit.edu/course/artificial-intelligence/a056g00000URaa3AAD.html,no teaching days
mit-b.json,MIT Sloan School of Management,Artificial Intelligence: Implications for Business Strategy,2027-01-13,https://executive.mit.edu/course/artificial-intelligence/a056g00000URaa3AAD.html,no teaching days
mit-b.json,MIT Sloan School of Management,Artificial Intelligence: Implications for Business Strategy,2027-03-03,https://executive.mit.edu/course/artificial-intelligence/a056g00000URaa3AAD.html,no teaching days
mit-b.json,MIT Sloan School of Management,Artificial Intelligence: Implications for Business Strategy,2027-04-14,https://executive.mit.edu/course/artificial-intelligence/a056g00000URaa3AAD.html,no teaching days
mit-b.json,MIT Sloan School of Management,Artificial Intelligence: Implications for Business Strategy,2027-05-26,https://executive.mit.edu/course/artificial-intelligence/a056g00000URaa3AAD.html,no teaching days
mit-b.json,MIT Sloan School of Management,Artificial Intelligence: Implications for Business Strategy,2027-07-07,https://executive.mit.edu/course/artificial-intelligence/a056g00000URaa3AAD.html,no teaching days
mit-b.json,MIT Sloan School of Management,Artificial Intelligence: Implications for Business Strategy,2027-08-25,https://executive.mit.edu/course/artificial-intelligence/a056g00000URaa3AAD.html,no teaching days
mit-b.json,MIT Sloan School of Management,Business Process Design for Strategic Management,2026-10-07,https://executive.mit.edu/course/business-process-design-for-strategic-management/a056g00000URaa1AAD.html,no teaching days
mit-b.json,MIT Sloan School of Management,Business Process Design for Strategic Management,2027-02-10,https://executive.mit.edu/course/business-process-design-for-strategic-management/a056g00000URaa1AAD.html,no teaching days
mit-b.json,MIT Sloan School of Management,Business Process Design for Strategic Management,2027-04-28,https://executive.mit.edu/course/business-process-design-for-strategic-management/a056g00000URaa1AAD.html,no teaching days
mit-b.json,MIT Sloan School of Management,Business Process Design for Strategic Management,2027-07-21,https://executive.mit.edu/course/business-process-design-for-strategic-management/a056g00000URaa1AAD.html,no teaching days
mit-b.json,MIT Sloan School of Management,Mastering Design Thinking,2026-10-22,https://executive.mit.edu/course/mastering-design-thinking/a056g00000URaa4AAD.html,no teaching days
mit-b.json,MIT Sloan School of Management,Mastering Design Thinking,2027-01-14,https://executive.mit.edu/course/mastering-design-thinking/a056g00000URaa4AAD.html,no teaching days
mit-b.json,MIT Sloan School of Management,Mastering Design Thinking,2027-04-01,https://executive.mit.edu/course/mastering-design-thinking/a056g00000URaa4AAD.html,no teaching days
mit-b.json,MIT Sloan School of Management,Mastering Design Thinking,2027-06-17,https://executive.mit.edu/course/mastering-design-thinking/a056g00000URaa4AAD.html,no teaching days
mit-b.json,MIT Sloan School of Management,Digital Business Strategy: Harnessing Our Digital Future,2026-10-07,https://executive.mit.edu/course/digital-business-strategy/a056g00000URaa6AAD.html,no teaching days
mit-b.json,MIT Sloan School of Management,Digital Business Strategy: Harnessing Our Digital Future,2027-03-10,https://executive.mit.edu/course/digital-business-strategy/a056g00000URaa6AAD.html,no teaching days
mit-b.json,MIT Sloan School of Management,Digital Business Strategy: Harnessing Our Digital Future,2027-05-19,https://executive.mit.edu/course/digital-business-strategy/a056g00000URaa6AAD.html,no teaching days
mit-b.json,MIT Sloan School of Management,Digital Business Strategy: Harnessing Our Digital Future,2027-07-28,https://executive.mit.edu/course/digital-business-strategy/a056g00000URaa6AAD.html,no teaching days
mit-b.json,MIT Sloan School of Management,Blockchain Technologies: Business Innovation and Application,2027-01-20,https://executive.mit.edu/course/blockchain-technologies/a056g00000URaa7AAD.html,no teaching days
mit-b.json,MIT Sloan School of Management,Blockchain Technologies: Business Innovation and Application,2027-04-21,https://executive.mit.edu/course/blockchain-technologies/a056g00000URaa7AAD.html,no teaching days
mit-b.json,MIT Sloan School of Management,Blockchain Technologies: Business Innovation and Application,2027-07-21,https://executive.mit.edu/course/blockchain-technologies/a056g00000URaa7AAD.html,no teaching days
mit-b.json,MIT Sloan School of Management,Corporate Innovation: Strategies for Leveraging Ecosystems,2026-10-07,https://executive.mit.edu/course/corporate-innovation/a056g00000URaaDAAT.html,no teaching days
mit-b.json,MIT Sloan School of Management,Corporate Innovation: Strategies for Leveraging Ecosystems,2027-05-05,https://executive.mit.edu/course/corporate-innovation/a056g00000URaaDAAT.html,no teaching days
mit-b.json,MIT Sloan School of Management,Corporate Innovation: Strategies for Leveraging Ecosystems,2027-07-28,https://executive.mit.edu/course/corporate-innovation/a056g00000URaaDAAT.html,no teaching days
mit-b.json,MIT Sloan School of Management,Machine Learning in Business,2027-02-03,https://executive.mit.edu/course/machine-learning-in-business/a056g00000URaaGAAT.html,no teaching days
mit-b.json,MIT Sloan School of Management,Machine Learning in Business,2027-05-26,https://executive.mit.edu/course/machine-learning-in-business/a056g00000URaaGAAT.html,no teaching days
mit-b.json,MIT Sloan School of Management,Organizational Design for Digital Transformation,2026-10-21,https://executive.mit.edu/course/organizational-design-for-digital-transformation/a056g00000URaaNAAT.html,no teaching days
mit-b.json,MIT Sloan School of Management,Organizational Design for Digital Transformation,2027-02-10,https://executive.mit.edu/course/organizational-design-for-digital-transformation/a056g00000URaaNAAT.html,no teaching days
mit-b.json,MIT Sloan School of Management,Organizational Design for Digital Transformation,2027-04-14,https://executive.mit.edu/course/organizational-design-for-digital-transformation/a056g00000URaaNAAT.html,no teaching days
mit-b.json,MIT Sloan School of Management,Organizational Design for Digital Transformation,2027-06-16,https://executive.mit.edu/course/organizational-design-for-digital-transformation/a056g00000URaaNAAT.html,no teaching days
mit-b.json,MIT Sloan School of Management,Organizational Design for Digital Transformation,2027-08-18,https://executive.mit.edu/course/organizational-design-for-digital-transformation/a056g00000URaaNAAT.html,no teaching days
mit-b.json,MIT Sloan School of Management,Leadership in an Exponentially Changing World,2026-10-14,https://executive.mit.edu/course/leadership-in-an-exponentially-changing-world/a056g00000URaaOAAT.html,no teaching days
mit-b.json,MIT Sloan School of Management,Leadership in an Exponentially Changing World,2027-02-03,https://executive.mit.edu/course/leadership-in-an-exponentially-changing-world/a056g00000URaaOAAT.html,no teaching days
mit-b.json,MIT Sloan School of Management,Leadership in an Exponentially Changing World,2027-04-28,https://executive.mit.edu/course/leadership-in-an-exponentially-changing-world/a056g00000URaaOAAT.html,no teaching days
mit-b.json,MIT Sloan School of Management,Leadership in an Exponentially Changing World,2027-07-21,https://executive.mit.edu/course/leadership-in-an-exponentially-changing-world/a056g00000URaaOAAT.html,no teaching days
mit-b.json,MIT Sloan School of Management,Accelerating Digital Transformation with Algorithmic Business Thinking,2026-09-30,https://executive.mit.edu/course/accelerating-digital-transformation-with-algorithmic-business-thinking/a056g00000URaaQAAT.html,no teaching days
mit-b.json,MIT Sloan School of Management,Pricing: Using Data to Improve Pricing Performance,2027-01-27,https://executive.mit.edu/course/pricing/a056g00000URaaPAAT.html,no teaching days
mit-b.json,MIT Sloan School of Management,Pricing: Using Data to Improve Pricing Performance,2027-05-19,https://executive.mit.edu/course/pricing/a056g00000URaaPAAT.html,no teaching days
mit-b.json,MIT Sloan School of Management,Inquiry-Driven Leadership,2026-10-14,https://executive.mit.edu/course/inquiry-driven-leadership/a056g00000URaaSAAT.html,no teaching days
mit-b.json,MIT Sloan School of Management,Inquiry-Driven Leadership,2027-02-17,https://executive.mit.edu/course/inquiry-driven-leadership/a056g00000URaaSAAT.html,no teaching days
mit-b.json,MIT Sloan School of Management,Inquiry-Driven Leadership,2027-05-12,https://executive.mit.edu/course/inquiry-driven-leadership/a056g00000URaaSAAT.html,no teaching days
mit-b.json,MIT Sloan School of Management,Inquiry-Driven Leadership,2027-07-28,https://executive.mit.edu/course/inquiry-driven-leadership/a056g00000URaaSAAT.html,no teaching days
mit-b.json,MIT Sloan School of Management,Artificial Intelligence in Health Care,2026-11-11,https://executive.mit.edu/course/artificial-intelligence-in-health-care/a056g00000URaaTAAT.html,no teaching days
mit-b.json,MIT Sloan School of Management,Artificial Intelligence in Health Care,2027-01-13,https://executive.mit.edu/course/artificial-intelligence-in-health-care/a056g00000URaaTAAT.html,no teaching days
mit-b.json,MIT Sloan School of Management,Artificial Intelligence in Health Care,2027-03-31,https://executive.mit.edu/course/artificial-intelligence-in-health-care/a056g00000URaaTAAT.html,no teaching days
mit-b.json,MIT Sloan School of Management,Artificial Intelligence in Health Care,2027-05-19,https://executive.mit.edu/course/artificial-intelligence-in-health-care/a056g00000URaaTAAT.html,no teaching days
mit-b.json,MIT Sloan School of Management,Artificial Intelligence in Health Care,2027-07-14,https://executive.mit.edu/course/artificial-intelligence-in-health-care/a056g00000URaaTAAT.html,no teaching days
mit-c.json,MIT Sloan School of Management,Interpersonal Communication: Strategies for Executives,2027-03-03,https://executive.mit.edu/course/interpersonal-communication/a056g00000URaaUAAT.html,no teaching days
mit-c.json,MIT Sloan School of Management,Interpersonal Communication: Strategies for Executives,2027-05-19,https://executive.mit.edu/course/interpersonal-communication/a056g00000URaaUAAT.html,no teaching days
mit-c.json,MIT Sloan School of Management,Interpersonal Communication: Strategies for Executives,2027-08-04,https://executive.mit.edu/course/interpersonal-communication/a056g00000URaaUAAT.html,no teaching days
mit-c.json,MIT Sloan School of Management,Applied Business Analytics,2026-10-22,https://executive.mit.edu/course/applied-business-analytics/a056g00000URaaVAAT.html,no teaching days
mit-c.json,MIT Sloan School of Management,Applied Business Analytics,2027-01-14,https://executive.mit.edu/course/applied-business-analytics/a056g00000URaaVAAT.html,no teaching days
mit-c.json,MIT Sloan School of Management,Applied Business Analytics,2027-04-01,https://executive.mit.edu/course/applied-business-analytics/a056g00000URaaVAAT.html,no teaching days
mit-c.json,MIT Sloan School of Management,Applied Business Analytics,2027-06-17,https://executive.mit.edu/course/applied-business-analytics/a056g00000URaaVAAT.html,no teaching days
mit-c.json,MIT Sloan School of Management,Neuroscience for Business,2026-10-14,https://executive.mit.edu/course/neuroscience-for-business/a056g00000URaaZAAT.html,no teaching days
mit-c.json,MIT Sloan School of Management,Neuroscience for Business,2027-02-03,https://executive.mit.edu/course/neuroscience-for-business/a056g00000URaaZAAT.html,no teaching days
mit-c.json,MIT Sloan School of Management,Neuroscience for Business,2027-04-14,https://executive.mit.edu/course/neuroscience-for-business/a056g00000URaaZAAT.html,no teaching days
mit-c.json,MIT Sloan School of Management,Neuroscience for Business,2027-06-09,https://executive.mit.edu/course/neuroscience-for-business/a056g00000URaaZAAT.html,no teaching days
mit-c.json,MIT Sloan School of Management,Neuroscience for Business,2027-08-11,https://executive.mit.edu/course/neuroscience-for-business/a056g00000URaaZAAT.html,no teaching days
mit-c.json,MIT Sloan School of Management,Data Monetization Strategy: Creating Value Through Data,2026-11-18,https://executive.mit.edu/course/data-monetization-strategy/a056g00000dOT5MAAW.html,no teaching days
mit-c.json,MIT Sloan School of Management,Data Monetization Strategy: Creating Value Through Data,2027-02-10,https://executive.mit.edu/course/data-monetization-strategy/a056g00000dOT5MAAW.html,no teaching days
mit-c.json,MIT Sloan School of Management,Data Monetization Strategy: Creating Value Through Data,2027-04-21,https://executive.mit.edu/course/data-monetization-strategy/a056g00000dOT5MAAW.html,no teaching days
mit-c.json,MIT Sloan School of Management,Data Monetization Strategy: Creating Value Through Data,2027-06-30,https://executive.mit.edu/course/data-monetization-strategy/a056g00000dOT5MAAW.html,no teaching days
mit-c.json,MIT Sloan School of Management,Business Sustainability Strategy,2026-09-30,https://executive.mit.edu/course/business-sustainability-strategy/a056g00000dOT5gAAG.html,no teaching days
mit-c.json,MIT Sloan School of Management,Business Sustainability Strategy,2027-03-03,https://executive.mit.edu/course/business-sustainability-strategy/a056g00000dOT5gAAG.html,no teaching days
mit-c.json,MIT Sloan School of Management,Business Sustainability Strategy,2027-06-16,https://executive.mit.edu/course/business-sustainability-strategy/a056g00000dOT5gAAG.html,no teaching days
mit-c.json,MIT Sloan School of Management,AI Adoption: Driving Business Value and Impact,2026-10-07,https://executive.mit.edu/course/ai-adoption/a05U100000CQuPRIA1.html,no teaching days
mit-c.json,MIT Sloan School of Management,AI Adoption: Driving Business Value and Impact,2026-11-18,https://executive.mit.edu/course/ai-adoption/a05U100000CQuPRIA1.html,no teaching days
mit-c.json,MIT Sloan School of Management,AI Adoption: Driving Business Value and Impact,2027-01-13,https://executive.mit.edu/course/ai-adoption/a05U100000CQuPRIA1.html,no teaching days
mit-c.json,MIT Sloan School of Management,AI Adoption: Driving Business Value and Impact,2027-03-03,https://executive.mit.edu/course/ai-adoption/a05U100000CQuPRIA1.html,no teaching days
mit-c.json,MIT Sloan School of Management,AI Adoption: Driving Business Value and Impact,2027-04-21,https://executive.mit.edu/course/ai-adoption/a05U100000CQuPRIA1.html,no teaching days
mit-c.json,MIT Sloan School of Management,AI Adoption: Driving Business Value and Impact,2027-06-09,https://executive.mit.edu/course/ai-adoption/a05U100000CQuPRIA1.html,no teaching days
mit-c.json,MIT Sloan School of Management,AI Adoption: Driving Business Value and Impact,2027-07-28,https://executive.mit.edu/course/ai-adoption/a05U100000CQuPRIA1.html,no teaching days
mit-c.json,MIT Sloan School of Management,"Enterprise AI: Strategy, Implementation, and Integration",2026-10-21,https://executive.mit.edu/course/enterprise-ai/a05U100000FDXf3IAH.html,no teaching days
mit-c.json,MIT Sloan School of Management,"Enterprise AI: Strategy, Implementation, and Integration",2027-01-20,https://executive.mit.edu/course/enterprise-ai/a05U100000FDXf3IAH.html,no teaching days
mit-c.json,MIT Sloan School of Management,"Enterprise AI: Strategy, Implementation, and Integration",2027-04-21,https://executive.mit.edu/course/enterprise-ai/a05U100000FDXf3IAH.html,no teaching days
mit-c.json,MIT Sloan School of Management,"Enterprise AI: Strategy, Implementation, and Integration",2027-07-21,https://executive.mit.edu/course/enterprise-ai/a05U100000FDXf3IAH.html,no teaching days
nus-a.json,NUS Business School,Accelerated Management Program (AMP),2027-01-21,https://executive-education.nus.edu.sg/programmes/accelerated-management-program-amp/,no teaching days
nus-a.json,NUS Business School,Ai-Driven Supply Chain and Operations Management,2026-09-24,https://executive-education.nus.edu.sg/programmes/ai-driven-supply-chain-and-operations-management/,no teaching days
nus-a.json,NUS Business School,AI for Senior Executives,2026-09-23,https://executive-education.nus.edu.sg/programmes/ai-for-senior-executives/,no teaching days
nus-a.json,NUS Business School,Cambridge and NUS Global Leadership Programme: Navigating Future Trends,2026-09-14,https://executive-education.nus.edu.sg/programmes/cambridge-nus-global-leadership-programme-navigating-future-trends/,no teaching days
nus-a.json,NUS Business School,"Digital Marketing: Strategies, Models and Frameworks",2026-09-24,https://executive-education.nus.edu.sg/programmes/digital-marketing-strategies-models-and-frameworks/,no teaching days
nus-b.json,NUS Business School,Financial Analysis and Business Decisions for Non-Finance Managers,2026-10-19,https://executive-education.nus.edu.sg/programmes/financial-analysis-and-business-decisions-for-non-finance-managers-2/,no teaching days
nus-b.json,NUS Business School,( SCTP ) NUS Startup Founder: Launch and Manage a Business Successfully,2026-09-18,https://executive-education.nus.edu.sg/programmes/sctp-nus-startup-founder-launch-and-manage-a-business-successfully/,no teaching days
nus-b.json,NUS Business School,( SCTP ) NUS Bionic Digital Marketer: Enhanced with AI,2026-10-13,https://executive-education.nus.edu.sg/programmes/sctp-nus-bionic-digital-marketer-enhanced-with-ai/,no teaching days
smith-b.json,"Smith School of Business, Queen's University",Inside Leaders' Mental Health - Virtual,2026-10-07,https://smith.queensu.ca/executiveeducation/programs/leaders-mental-health.php,no teaching days
stanford-a.json,Stanford Graduate School of Business,Stanford Business Essentials,2026-10-07,https://www.gsb.stanford.edu/exec-ed/programs/stanford-business-essentials,no teaching days
stanford-a.json,Stanford Graduate School of Business,Stanford Executive Program,2027-06-18,https://www.gsb.stanford.edu/exec-ed/programs/stanford-executive-program,no teaching days
stanford-a.json,Stanford Graduate School of Business,Stanford LEAD Online Business Program,2027-03-17,https://www.gsb.stanford.edu/exec-ed/programs/stanford-lead-online-business-program,no teaching days
stanford-b.json,Stanford Graduate School of Business,The Emerging CFO: Strategic Financial Leadership Program,2027-02-21,https://www.gsb.stanford.edu/exec-ed/programs/emerging-cfo,no teaching days
stanford-b.json,Stanford Graduate School of Business,The Emerging COO: Driving Innovation and Operational Excellence,2027-01-25,https://www.gsb.stanford.edu/exec-ed/programs/emerging-coo,no teaching days
stanford-b.json,Stanford Graduate School of Business,The Emerging COO: Driving Innovation and Operational Excellence,2027-04-26,https://www.gsb.stanford.edu/exec-ed/programs/emerging-coo,no teaching days
stanford-b.json,Stanford Graduate School of Business,Executive Program for Nonprofit Leaders,2027-02-21,https://www.gsb.stanford.edu/exec-ed/programs/executive-program-nonprofit-leaders,no price
stanford-b.json,Stanford Graduate School of Business,Executive Program for Nonprofit Leaders,2027-05-23,https://www.gsb.stanford.edu/exec-ed/programs/executive-program-nonprofit-leaders,no price
stgallen-a.json,University of St. Gallen Executive School,CAS Performance Management intensiv,2026-09-17,https://es.unisg.ch/en/executive-programme/cas-performance-management-intensiv/,no teaching days
stgallen-a.json,University of St. Gallen Executive School,CAS Performance Management intensiv,2026-09-24,https://es.unisg.ch/en/executive-programme/cas-performance-management-intensiv/,no teaching days
stgallen-a.json,University of St. Gallen Executive School,CAS Performance Management intensiv,2026-10-22,https://es.unisg.ch/en/executive-programme/cas-performance-management-intensiv/,no teaching days
stgallen-a.json,University of St. Gallen Executive School,Finanzielle Führung für Executives,2026-09-17,https://es.unisg.ch/en/executive-programme/finanzielle-fuehrung-fuer-executives/,no teaching days
stgallen-a.json,University of St. Gallen Executive School,Finanzielle Führung für Executives,2026-11-05,https://es.unisg.ch/en/executive-programme/finanzielle-fuehrung-fuer-executives/,no teaching days
stgallen-a.json,University of St. Gallen Executive School,Finanzielle Führung für Executives,2026-11-26,https://es.unisg.ch/en/executive-programme/finanzielle-fuehrung-fuer-executives/,no teaching days
stgallen-a.json,University of St. Gallen Executive School,"Management, Operational and IT Aspects of Digital Communication (CAS HSG)",2026-09-16,https://es.unisg.ch/en/executive-programme/cas-management-operational-and-it-aspects-of-digital-communication/,no teaching days
stgallen-a.json,University of St. Gallen Executive School,"Management, Operational and IT Aspects of Digital Communication (CAS HSG)",2026-11-18,https://es.unisg.ch/en/executive-programme/cas-management-operational-and-it-aspects-of-digital-communication/,no teaching days
stgallen-a.json,University of St. Gallen Executive School,"Management, Operational and IT Aspects of Digital Communication (CAS HSG)",2027-01-13,https://es.unisg.ch/en/executive-programme/cas-management-operational-and-it-aspects-of-digital-communication/,no teaching days
stgallen-a.json,University of St. Gallen Executive School,"Management, Operational and IT Aspects of Digital Communication (CAS HSG)",2027-03-03,https://es.unisg.ch/en/executive-programme/cas-management-operational-and-it-aspects-of-digital-communication/,no teaching days
stgallen-a.json,University of St. Gallen Executive School,"Management, Operational and IT Aspects of Digital Communication (CAS HSG)",2027-06-16,https://es.unisg.ch/en/executive-programme/cas-management-operational-and-it-aspects-of-digital-communication/,no teaching days
stgallen-a.json,University of St. Gallen Executive School,AI Agent Security,2026-10-21,https://es.unisg.ch/en/executive-programme/ai-agent-security/,no teaching days
stgallen-a.json,University of St. Gallen Executive School,Aiming Higher – Karriereentwicklung für Assistenzärztinnen,2027-03-06,https://es.unisg.ch/en/executive-programme/aiming-higher-karriereentwicklung-fuer-assistenzaerztinnen/,no teaching days
stgallen-a.json,University of St. Gallen Executive School,Intensivseminar zu Rechnungswesen und Financial Management,2027-08-31,https://es.unisg.ch/en/executive-programme/79908/,no teaching days
stgallen-a.json,University of St. Gallen Executive School,DAS Leadership Development Program,2026-11-09,https://es.unisg.ch/en/executive-programme/das-leadership-development-program/,no teaching days
stgallen-a.json,University of St. Gallen Executive School,DAS Leadership Development Program,2027-03-10,https://es.unisg.ch/en/executive-programme/das-leadership-development-program/,no teaching days
stgallen-a.json,University of St. Gallen Executive School,DAS Leadership Development Program,2027-05-10,https://es.unisg.ch/en/executive-programme/das-leadership-development-program/,no teaching days
stgallen-a.json,University of St. Gallen Executive School,CAS Leadership Development Program,2026-10-26,https://es.unisg.ch/en/executive-programme/cas-leadership-development-program/,no teaching days
stgallen-a.json,University of St. Gallen Executive School,CAS Leadership Development Program,2026-12-01,https://es.unisg.ch/en/executive-programme/cas-leadership-development-program/,no teaching days
stgallen-a.json,University of St. Gallen Executive School,CAS Leadership Development Program,2027-02-22,https://es.unisg.ch/en/executive-programme/cas-leadership-development-program/,no teaching days
stgallen-a.json,University of St. Gallen Executive School,CAS Leadership Development Program,2027-04-12,https://es.unisg.ch/en/executive-programme/cas-leadership-development-program/,no teaching days
stgallen-a.json,University of St. Gallen Executive School,CAS Leadership Development Program,2027-05-31,https://es.unisg.ch/en/executive-programme/cas-leadership-development-program/,no teaching days
stgallen-a.json,University of St. Gallen Executive School,CAS Leadership Development Program,2027-06-14,https://es.unisg.ch/en/executive-programme/cas-leadership-development-program/,no teaching days
stgallen-a.json,University of St. Gallen Executive School,CAS Leadership Development Program,2027-08-06,https://es.unisg.ch/en/executive-programme/cas-leadership-development-program/,no teaching days
stgallen-a.json,University of St. Gallen Executive School,CAS Leadership Development Program,2027-08-23,https://es.unisg.ch/en/executive-programme/cas-leadership-development-program/,no teaching days
stgallen-a.json,University of St. Gallen Executive School,CAS Leadership Development Program,2027-08-30,https://es.unisg.ch/en/executive-programme/cas-leadership-development-program/,no teaching days
stgallen-a.json,University of St. Gallen Executive School,Advanced Management Program (CAS),2026-11-09,https://es.unisg.ch/en/executive-programme/cas-advanced-management-program/,no teaching days
stgallen-a.json,University of St. Gallen Executive School,Advanced Management Program (CAS),2027-03-08,https://es.unisg.ch/en/executive-programme/cas-advanced-management-program/,no teaching days
stgallen-a.json,University of St. Gallen Executive School,Advanced Management Program (CAS),2027-05-10,https://es.unisg.ch/en/executive-programme/cas-advanced-management-program/,no teaching days
stgallen-a.json,University of St. Gallen Executive School,CAS Executive & Leadership Coaching,2027-01-21,https://es.unisg.ch/en/executive-programme/cas-coaching/,no teaching days
stgallen-a.json,University of St. Gallen Executive School,International Board Programme,2027-07-08,https://es.unisg.ch/en/executive-programme/international-board-program/,no teaching days
stgallen-b.json,University of St. Gallen Executive School,St.Gallen AI Bootcamp,2026-10-08,https://es.unisg.ch/en/executive-programme/st-gallen-ai-bootcamp/,no teaching days
stgallen-b.json,University of St. Gallen Executive School,St.Gallen AI Bootcamp,2027-02-15,https://es.unisg.ch/en/executive-programme/st-gallen-ai-bootcamp/,no teaching days
stgallen-b.json,University of St. Gallen Executive School,St.Gallen AI Bootcamp,2027-04-08,https://es.unisg.ch/en/executive-programme/st-gallen-ai-bootcamp/,no teaching days
stgallen-b.json,University of St. Gallen Executive School,Fit for Artificial Intelligence in Finance,2027-05-25,https://es.unisg.ch/en/executive-programme/ai-finance/,no teaching days
stgallen-b.json,University of St. Gallen Executive School,Future Automotive Retail (FAR-HSG),2026-11-24,https://es.unisg.ch/en/executive-programme/future-automotive-retail-far/,no teaching days
stgallen-b.json,University of St. Gallen Executive School,Your Path to a Board Seat,2027-04-01,https://es.unisg.ch/en/executive-programme/your-path-to-a-board-seat/,no teaching days
stgallen-b.json,University of St. Gallen Executive School,Executive Diploma HSG IT Business Management,2026-10-14,https://es.unisg.ch/en/executive-programme/executive-diploma-hsg-it-business-management/,no teaching days
stgallen-b.json,University of St. Gallen Executive School,Executive Diploma HSG IT Business Management,2027-04-07,https://es.unisg.ch/en/executive-programme/executive-diploma-hsg-it-business-management/,no teaching days
stgallen-c.json,University of St. Gallen Executive School,Executive Master in Insurance and Financial Services,2027-01-15,https://es.unisg.ch/en/executive-programme/executive-master-hsg-insurance-and-financial-services/,no teaching days
stgallen-c.json,University of St. Gallen Executive School,HSG-Diplomprogramm Insurance Management,2027-03-14,https://es.unisg.ch/en/executive-programme/hsg-diplomprogramm-insurance-management/,no teaching days
stgallen-c.json,University of St. Gallen Executive School,Renewable Energy Management (REM-HSG),2027-03-15,https://es.unisg.ch/en/executive-programme/renewable-energy-management-rem-hsg/,no teaching days
stgallen-c.json,University of St. Gallen Executive School,St.Galler Leadership-Tag mit Nacht,2027-06-16,https://es.unisg.ch/en/executive-programme/st-galler-leadership-tag-mit-nacht-2/,no teaching days
stgallen-c.json,University of St. Gallen Executive School,Grundlagen in General Management CAS HSG,2026-10-20,https://es.unisg.ch/en/executive-programme/grundlagen-in-general-management-cas-hsg/,no teaching days
stgallen-c.json,University of St. Gallen Executive School,Grundlagen in General Management CAS HSG,2026-11-16,https://es.unisg.ch/en/executive-programme/grundlagen-in-general-management-cas-hsg/,no teaching days
stgallen-c.json,University of St. Gallen Executive School,Grundlagen in General Management CAS HSG,2027-01-26,https://es.unisg.ch/en/executive-programme/grundlagen-in-general-management-cas-hsg/,no teaching days
stgallen-c.json,University of St. Gallen Executive School,Excellence in General Management DAS HSG,2027-05-03,https://es.unisg.ch/en/executive-programme/excellence-in-general-management-das-hsg/,no teaching days
